id,性别,年龄,收入,消费得分,是否流失
1,Male,19,15,39,0
2,Male,21,15,81,1
3,Female,20,16,6,1
4,Female,23,16,77,1
5,Female,31,17,40,1
6,Female,22,17,76,0
7,Female,35,18,6,1
8,Female,23,18,94,1
9,Male,64,19,3,1
10,Female,30,19,72,1
11,Male,67,19,14,1
12,Female,35,19,99,0
13,Female,58,20,15,1
14,Female,24,20,77,1
15,Male,37,20,13,1
16,Male,22,20,79,0
17,Female,35,21,35,0
18,Male,20,21,66,1
19,Male,52,23,29,1
20,Female,35,23,98,0
21,Male,35,24,35,1
22,Male,25,24,73,0
23,Female,46,25,5,1
24,Male,31,25,73,0
25,Female,54,28,14,1
26,Male,29,28,82,0
27,Female,45,28,32,1
28,Male,35,28,61,1
29,Female,40,29,31,1
30,Female,23,29,87,1
31,Male,60,30,4,1
32,Female,21,30,73,1
33,Male,53,33,4,1
34,Male,18,33,92,1
35,Female,49,33,14,1
36,Female,21,33,81,1
37,Female,42,34,17,1
38,Female,30,34,73,1
39,Female,36,37,26,0
40,Female,20,37,75,1
41,Female,65,38,35,1
42,Male,24,38,92,1
43,Male,48,39,36,1
44,Female,31,39,61,1
45,Female,49,39,28,0
46,Female,24,39,65,1
47,Female,50,40,55,1
48,Female,27,40,47,1
49,Female,29,40,42,1
50,Female,31,40,42,1
51,Female,49,42,52,1
52,Male,33,42,60,0
53,Female,31,43,54,0
54,Male,59,43,60,0
55,Female,50,43,45,0
56,Male,47,43,41,1
57,Female,51,44,50,1
58,Male,69,44,46,1
59,Female,27,46,51,0
60,Male,53,46,46,1
61,Male,70,46,56,1
62,Male,19,46,55,1
63,Female,67,47,52,1
64,Female,54,47,59,0
65,Male,63,48,51,1
66,Male,18,48,59,1
67,Female,43,48,50,1
68,Female,68,48,48,1
69,Male,19,48,59,0
70,Female,32,48,47,0
71,Male,70,49,55,0
72,Female,47,49,42,1
73,Female,60,50,49,0
74,Female,60,50,56,1
75,Male,59,54,47,1
76,Male,26,54,54,1
77,Female,45,54,53,1
78,Male,40,54,48,0
79,Female,23,54,52,1
80,Female,49,54,42,1
81,Male,57,54,51,1
82,Male,38,54,55,1
83,Male,67,54,41,1
84,Female,46,54,44,0
85,Female,21,54,57,0
86,Male,48,54,46,0
87,Female,55,57,58,0
88,Female,22,57,55,1
89,Female,34,58,60,0
90,Female,50,58,46,1
91,Female,68,59,55,1
92,Male,18,59,41,1
93,Male,48,60,49,0
94,Female,40,60,40,1
95,Female,32,60,42,1
96,Male,24,60,52,0
97,Female,47,60,47,1
98,Female,27,60,50,1
99,Male,48,61,42,0
100,Male,20,61,49,1
101,Female,23,62,41,1
102,Female,49,62,48,0
103,Male,67,62,59,1
104,Male,26,62,55,1
105,Male,49,62,56,1
106,Female,21,62,42,1
107,Female,66,63,50,1
108,Male,54,63,46,1
109,Male,68,63,43,1
110,Male,66,63,48,1
111,Male,65,63,52,1
112,Female,19,63,54,1
113,Female,38,64,42,1
114,Male,19,64,46,0
115,Female,18,65,48,1
116,Female,19,65,50,1
117,Female,63,65,43,1
118,Female,49,65,59,1
119,Female,51,67,43,1
120,Female,50,67,57,1
121,Male,27,67,56,1
122,Female,38,67,40,0
123,Female,40,69,58,1
124,Male,39,69,91,1
125,Female,23,70,29,1
126,Female,31,70,77,1
127,Male,43,71,35,0
128,Male,40,71,95,1
129,Male,59,71,11,0
130,Male,38,71,75,1
131,Male,47,71,9,1
132,Male,39,71,75,0
133,Female,25,72,34,0
134,Female,31,72,71,1
135,Male,20,73,5,1
136,Female,29,73,88,0
137,Female,44,73,7,0
138,Male,32,73,73,0
139,Male,19,74,10,1
140,Female,35,74,72,1
141,Female,57,75,5,1
142,Male,32,75,93,1
143,Female,28,76,40,1
144,Female,32,76,87,0
145,Male,25,77,12,1
146,Male,28,77,97,0
147,Male,48,77,36,1
148,Female,32,77,74,1
149,Female,34,78,22,1
150,Male,34,78,90,1
151,Male,43,78,17,0
152,Male,39,78,88,1
153,Female,44,78,20,1
154,Female,38,78,76,1
155,Female,47,78,16,1
156,Female,27,78,89,1
157,Male,37,78,1,1
158,Female,30,78,78,1
159,Male,34,78,1,1
160,Female,30,78,73,1
161,Female,56,79,35,0
162,Female,29,79,83,1
163,Male,19,81,5,1
164,Female,31,81,93,0
165,Male,50,85,26,1
166,Female,36,85,75,1
167,Male,42,86,20,1
168,Female,33,86,95,1
169,Female,36,87,27,0
170,Male,32,87,63,1
171,Male,40,87,13,1
172,Male,28,87,75,1
173,Male,36,87,10,1
174,Male,36,87,92,1
175,Female,52,88,13,1
176,Female,30,88,86,1
177,Male,58,88,15,1
178,Male,27,88,69,1
179,Male,59,93,14,1
180,Male,35,93,90,1
181,Female,37,97,32,1
182,Female,32,97,86,1
183,Male,46,98,15,1
184,Female,29,98,88,1
185,Female,41,99,39,1
186,Male,30,99,97,1
187,Female,54,101,24,1
188,Male,28,101,68,1
189,Female,41,103,17,1
190,Female,36,103,85,1
191,Female,34,103,23,1
192,Female,32,103,69,0
193,Male,33,113,8,1
194,Female,38,113,91,1
195,Female,47,120,16,1
196,Female,35,120,79,1
197,Female,45,126,28,1
198,Male,32,126,74,1
199,Male,32,137,18,1
200,Male,30,137,83,1
201,Male,51,95,72,1
202,Male,44,30,54,1
203,Female,50,102,79,1
204,Female,38,90,77,1
205,Female,60,88,21,1
206,Female,21,72,36,1
207,Male,32,118,41,1
208,Male,49,89,80,1
209,Male,24,32,45,0
210,Male,52,48,37,1
211,Male,60,61,33,1
212,Female,59,125,37,1
213,Male,36,29,42,0
214,Male,56,120,72,1
215,Male,50,51,22,1
216,Male,40,27,54,1
217,Female,57,58,42,0
218,Male,35,90,46,1
219,Male,33,45,40,0
220,Female,18,26,83,1
221,Male,32,119,81,1
222,Female,45,56,35,1
223,Male,32,89,50,1
224,Male,37,86,88,1
225,Male,52,125,49,1
226,Female,60,17,49,0
227,Female,38,94,45,1
228,Female,60,129,29,1
229,Male,33,44,74,0
230,Male,28,86,35,1
231,Female,55,70,68,0
232,Male,31,66,25,1
233,Male,60,104,57,1
234,Female,53,64,76,1
235,Female,24,51,56,0
236,Female,36,130,32,1
237,Female,38,48,43,0
238,Female,40,99,67,1
239,Male,62,100,28,1
240,Male,58,73,84,1
241,Female,32,79,67,1
242,Female,56,103,61,1
243,Female,59,104,80,1
244,Female,47,116,68,1
245,Female,27,36,26,0
246,Female,47,53,44,1
247,Female,38,21,51,1
248,Female,35,96,66,1
249,Male,63,99,37,1
250,Female,29,36,32,0
251,Female,64,73,55,1
252,Female,43,44,41,1
253,Male,30,95,32,1
254,Male,50,81,67,1
255,Female,40,65,33,1
256,Female,59,127,36,1
257,Male,52,21,36,1
258,Female,64,99,74,1
259,Male,60,49,42,1
260,Female,55,81,37,0
261,Female,54,70,31,0
262,Female,27,104,43,1
263,Male,61,93,48,1
264,Male,24,37,54,1
265,Female,40,35,67,1
266,Male,34,73,34,0
267,Male,42,58,43,0
268,Female,46,23,71,1
269,Female,23,19,44,0
270,Female,55,110,30,1
271,Male,61,125,74,1
272,Male,36,67,42,0
273,Male,58,116,81,1
274,Male,51,46,87,1
275,Male,52,125,26,1
276,Male,32,91,86,1
277,Female,35,72,65,1
278,Male,21,78,68,1
279,Female,34,117,20,1
280,Male,52,24,25,1
281,Female,54,15,55,0
282,Male,37,47,23,0
283,Male,21,56,62,1
284,Female,61,130,85,1
285,Female,23,106,59,1
286,Male,64,76,87,1
287,Male,62,103,70,1
288,Male,51,56,73,1
289,Female,36,102,30,1
290,Female,19,26,70,1
291,Female,64,46,42,1
292,Female,50,21,69,1
293,Male,61,34,70,1
294,Male,46,19,60,1
295,Female,25,106,23,1
296,Female,23,122,66,1
297,Male,48,54,80,0
298,Male,42,45,87,0
299,Female,40,70,88,0
300,Male,35,124,71,1
301,Female,38,75,80,1
302,Male,20,28,25,0
303,Female,57,94,46,1
304,Male,63,68,27,1
305,Female,63,73,87,1
306,Male,29,93,51,1
307,Female,30,87,50,1
308,Male,41,25,79,0
309,Female,25,44,41,0
310,Female,19,20,47,0
311,Male,36,75,50,1
312,Male,52,48,77,1
313,Female,49,95,33,1
314,Male,25,47,83,0
315,Female,48,84,47,1
316,Female,49,66,28,1
317,Male,45,76,36,0
318,Male,26,74,70,0
319,Male,35,21,26,0
320,Male,59,68,73,1
321,Male,53,42,88,1
322,Male,20,44,47,0
323,Female,26,72,67,1
324,Male,62,126,83,1
325,Female,49,25,22,1
326,Female,61,62,81,0
327,Male,50,86,46,1
328,Female,22,45,78,1
329,Male,30,98,38,1
330,Male,34,79,66,1
331,Male,54,106,60,1
332,Male,58,122,43,1
333,Male,28,78,46,0
334,Male,60,65,74,1
335,Female,35,85,83,1
336,Male,41,74,73,0
337,Female,42,82,54,1
338,Female,48,104,60,1
339,Male,61,126,85,1
340,Male,55,123,20,1
341,Male,59,77,47,1
342,Male,58,42,73,1
343,Female,52,124,80,1
344,Female,21,114,67,1
345,Female,63,114,58,1
346,Female,18,122,25,1
347,Male,31,73,85,0
348,Male,24,75,24,0
349,Female,38,94,58,1
350,Female,58,24,52,0
351,Male,33,118,70,1
352,Male,51,61,66,1
353,Female,64,98,82,1
354,Male,30,59,89,1
355,Male,40,84,73,1
356,Male,42,108,47,1
357,Male,42,84,39,1
358,Female,40,89,86,1
359,Female,44,87,87,1
360,Male,23,33,22,0
361,Female,41,101,46,1
362,Male,55,102,22,1
363,Female,61,104,45,1
364,Male,44,125,31,1
365,Female,26,116,63,1
366,Male,31,21,89,1
367,Female,18,62,25,1
368,Female,34,121,55,1
369,Female,63,44,47,1
370,Female,38,121,44,1
371,Female,55,59,57,0
372,Female,24,51,75,1
373,Female,59,39,67,0
374,Female,23,119,37,1
375,Male,44,114,70,1
376,Male,63,79,24,1
377,Male,20,102,42,1
378,Male,47,26,84,0
379,Female,44,79,74,1
380,Male,54,50,75,1
381,Female,38,58,59,1
382,Male,57,115,72,1
383,Female,57,46,66,0
384,Male,32,77,39,0
385,Male,47,70,31,0
386,Male,48,68,87,1
387,Female,46,69,24,1
388,Male,59,71,77,1
389,Male,23,129,30,1
390,Male,47,71,44,0
391,Female,51,81,50,1
392,Male,42,93,45,1
393,Female,23,65,66,1
394,Female,26,72,24,1
395,Male,47,28,44,0
396,Male,59,50,35,0
397,Female,27,93,52,1
398,Female,29,91,20,1
399,Female,48,15,64,1
400,Male,44,48,74,0
401,Female,59,43,31,0
402,Male,42,123,23,1
403,Male,47,82,71,1
404,Male,58,91,83,1
405,Male,56,120,28,1
406,Male,18,91,70,1
407,Female,62,121,33,1
408,Female,44,106,21,1
409,Male,29,42,79,0
410,Male,28,127,29,1
411,Female,62,17,85,1
412,Male,27,59,57,1
413,Male,58,89,63,1
414,Male,30,60,81,0
415,Female,37,73,22,1
416,Male,27,110,62,1
417,Female,44,111,73,1
418,Male,25,120,23,1
419,Female,24,82,83,1
420,Female,49,19,43,1
421,Male,26,103,73,1
422,Male,60,54,38,1
423,Male,53,27,66,1
424,Female,40,120,46,1
425,Male,23,50,58,1
426,Male,25,28,28,0
427,Male,54,35,68,1
428,Male,60,56,82,1
429,Female,55,20,68,0
430,Male,64,93,31,1
431,Male,50,108,73,1
432,Female,28,63,47,1
433,Female,32,107,62,1
434,Male,31,50,24,0
435,Female,27,95,49,1
436,Female,56,128,31,1
437,Female,28,40,34,0
438,Male,27,29,36,0
439,Male,62,97,63,1
440,Female,25,114,26,1
441,Male,46,38,79,0
442,Male,20,52,21,0
443,Female,29,56,59,1
444,Male,52,46,52,1
445,Female,20,79,32,1
446,Male,38,30,51,1
447,Female,49,71,55,1
448,Male,40,67,65,1
449,Male,63,90,80,1
450,Female,46,103,28,1
451,Male,53,83,24,1
452,Female,21,82,85,1
453,Female,24,95,20,1
454,Female,24,94,23,1
455,Female,42,21,25,1
456,Male,19,103,50,1
457,Female,39,109,70,1
458,Male,45,124,77,1
459,Male,22,69,55,1
460,Female,46,26,50,1
461,Female,57,117,85,1
462,Male,39,105,73,1
463,Male,36,111,37,1
464,Male,58,22,65,1
465,Male,20,68,89,0
466,Female,21,91,38,1
467,Female,56,69,60,0
468,Female,34,55,22,0
469,Female,28,112,20,1
470,Male,49,54,49,1
471,Male,27,65,48,1
472,Female,59,88,32,1
473,Male,43,129,30,1
474,Female,52,88,34,1
475,Female,43,44,67,1
476,Female,33,71,39,1
477,Male,62,80,65,1
478,Female,30,73,21,0
479,Male,46,27,58,1
480,Female,40,126,28,1
481,Male,19,112,34,1
482,Female,49,47,44,1
483,Male,42,99,42,1
484,Female,24,123,28,1
485,Female,23,102,77,1
486,Male,58,96,46,1
487,Male,54,28,39,1
488,Male,40,32,60,0
489,Female,23,47,31,0
490,Male,31,52,27,0
491,Male,51,44,37,1
492,Female,41,22,30,1
493,Male,21,50,71,0
494,Male,62,64,76,1
495,Female,49,76,51,1
496,Female,18,97,63,1
497,Female,64,97,64,1
498,Male,23,43,59,1
499,Male,28,82,61,1
500,Female,30,25,62,1
501,Female,18,129,43,1
502,Male,19,84,57,1
503,Male,36,46,40,0
504,Female,43,99,20,1
505,Male,47,99,42,1
506,Male,46,57,80,0
507,Female,27,49,55,0
508,Male,26,85,23,1
509,Female,19,42,57,0
510,Female,44,122,33,1
511,Female,63,83,45,1
512,Female,23,116,22,1
513,Male,52,36,54,1
514,Female,61,100,78,1
515,Male,44,54,79,0
516,Female,28,78,63,1
517,Female,34,107,89,1
518,Female,44,74,83,0
519,Male,28,124,40,1
520,Female,60,28,49,0
521,Female,18,94,20,1
522,Male,30,126,28,1
523,Female,41,24,67,1
524,Male,50,26,22,1
525,Male,56,53,74,1
526,Female,28,75,27,1
527,Female,22,20,74,0
528,Female,48,93,71,1
529,Male,58,16,46,1
530,Male,52,78,48,1
531,Female,24,74,45,1
532,Male,44,101,68,1
533,Male,34,82,79,1
534,Female,48,103,37,1
535,Female,43,107,26,1
536,Female,44,82,57,1
537,Female,62,41,34,1
538,Female,35,64,60,1
539,Male,44,130,31,1
540,Male,46,26,57,1
541,Female,58,95,42,1
542,Male,27,92,62,1
543,Female,53,50,51,1
544,Male,63,100,23,1
545,Male,20,120,79,1
546,Male,36,75,49,1
547,Male,39,70,75,0
548,Male,41,53,79,0
549,Female,31,70,33,0
550,Female,56,44,59,1
551,Female,30,92,45,1
552,Male,52,65,68,1
553,Male,31,101,87,1
554,Male,52,110,87,1
555,Male,24,72,34,0
556,Female,27,120,33,1
557,Male,19,60,69,1
558,Male,38,18,72,0
559,Female,44,117,37,1
560,Male,19,83,73,1
561,Female,59,112,25,1
562,Female,19,119,59,1
563,Male,27,43,78,0
564,Female,22,34,23,0
565,Male,23,125,78,1
566,Male,40,52,47,0
567,Female,52,21,80,1
568,Male,43,89,23,1
569,Female,44,90,73,1
570,Female,43,97,20,1
571,Male,25,101,50,1
572,Male,50,67,78,1
573,Male,38,105,83,1
574,Female,20,95,32,1
575,Female,53,116,84,1
576,Male,26,105,71,1
577,Female,30,116,50,1
578,Female,44,96,57,1
579,Male,59,39,68,1
580,Female,22,21,43,0
581,Male,41,34,32,0
582,Female,25,121,71,1
583,Male,28,112,70,1
584,Male,62,111,70,1
585,Female,61,115,33,1
586,Female,27,80,72,1
587,Male,27,38,54,1
588,Female,44,68,54,1
589,Male,58,118,77,1
590,Female,62,50,59,1
591,Female,22,115,54,1
592,Male,54,111,20,1
593,Female,61,17,62,0
594,Male,24,106,78,1
595,Male,26,63,34,0
596,Male,33,98,72,1
597,Female,30,42,89,0
598,Female,34,84,20,1
599,Female,62,20,76,1
600,Female,20,24,72,1
601,Male,56,45,78,1
602,Female,54,96,74,1
603,Male,40,96,23,1
604,Female,60,62,20,0
605,Male,63,110,77,1
606,Male,59,56,37,1
607,Male,32,27,78,0
608,Female,53,25,75,1
609,Female,61,28,37,0
610,Female,40,75,76,1
611,Female,61,74,48,0
612,Female,31,24,80,1
613,Male,33,97,64,1
614,Female,60,33,72,0
615,Male,37,73,51,1
616,Male,49,89,47,1
617,Male,40,49,44,0
618,Female,62,71,49,1
619,Male,52,97,84,1
620,Female,55,35,44,0
621,Male,21,91,88,1
622,Female,22,113,80,1
623,Female,62,23,51,1
624,Female,50,60,43,1
625,Female,42,17,70,1
626,Female,22,93,56,1
627,Male,37,67,22,0
628,Female,23,119,84,1
629,Male,57,85,87,1
630,Female,22,123,71,1
631,Male,32,25,26,0
632,Female,29,31,49,0
633,Female,63,118,70,1
634,Male,52,73,21,1
635,Male,22,128,81,1
636,Male,35,44,35,0
637,Male,55,22,78,1
638,Female,28,100,21,1
639,Female,58,98,39,1
640,Male,48,125,43,1
641,Male,50,82,70,1
642,Male,26,92,31,1
643,Female,52,72,39,1
644,Male,21,102,25,1
645,Female,47,129,73,1
646,Female,63,49,49,1
647,Female,24,85,60,1
648,Male,51,15,87,1
649,Male,62,49,69,1
650,Male,24,24,37,0
651,Female,44,78,66,1
652,Male,64,44,42,1
653,Male,63,34,35,1
654,Female,60,114,78,1
655,Male,28,121,51,1
656,Female,64,72,79,1
657,Female,28,104,33,1
658,Female,49,121,53,1
659,Male,55,76,61,1
660,Female,59,108,49,1
661,Female,64,35,31,1
662,Male,20,69,69,1
663,Male,57,54,34,1
664,Male,51,49,78,1
665,Male,44,55,86,1
666,Male,48,39,69,1
667,Female,19,56,58,0
668,Male,60,68,22,1
669,Female,46,85,21,1
670,Male,55,90,84,1
671,Female,21,27,56,1
672,Male,24,18,43,0
673,Male,46,15,38,0
674,Female,51,53,74,1
675,Female,26,48,47,0
676,Female,46,60,23,0
677,Female,34,102,49,1
678,Female,39,33,43,1
679,Male,60,110,51,1
680,Female,22,54,65,1
681,Female,31,128,80,1
682,Male,42,48,59,1
683,Male,49,123,76,1
684,Female,60,46,72,0
685,Female,33,84,32,1
686,Female,25,107,74,1
687,Male,53,41,50,1
688,Female,43,46,88,0
689,Female,49,50,24,1
690,Male,33,86,42,1
691,Female,19,114,42,1
692,Male,35,96,86,1
693,Male,30,40,57,1
694,Male,35,107,20,1
695,Female,19,98,40,1
696,Female,47,16,22,1
697,Female,26,82,20,1
698,Female,31,99,82,1
699,Male,25,108,56,1
700,Female,28,27,74,1
701,Female,60,31,43,0
702,Male,54,125,65,1
703,Female,28,38,53,0
704,Male,33,121,68,1
705,Male,40,105,50,1
706,Female,44,31,27,1
707,Male,29,124,41,1
708,Female,43,24,25,1
709,Female,35,52,72,1
710,Female,63,67,61,1
711,Male,40,43,80,1
712,Female,34,40,40,0
713,Female,23,104,32,1
714,Female,25,127,55,1
715,Male,52,37,88,1
716,Female,64,61,24,1
717,Female,55,85,36,1
718,Male,37,35,84,0
719,Male,59,128,86,1
720,Female,35,18,36,0
721,Male,21,72,27,0
722,Female,32,83,81,1
723,Female,34,56,70,1
724,Male,20,100,62,1
725,Male,42,107,65,1
726,Male,38,86,84,1
727,Male,34,75,22,0
728,Female,56,122,36,1
729,Male,49,118,85,1
730,Female,55,130,24,1
731,Female,32,127,72,1
732,Female,45,70,59,1
733,Female,32,108,25,1
734,Male,63,100,40,1
735,Male,30,106,72,1
736,Female,51,103,43,1
737,Male,24,114,63,1
738,Male,37,33,65,1
739,Male,37,73,23,0
740,Male,57,77,32,1
741,Female,30,99,50,1
742,Female,42,82,70,1
743,Male,28,115,73,1
744,Male,33,45,39,0
745,Female,58,67,50,0
746,Male,27,89,61,1
747,Male,43,50,64,1
748,Female,28,37,78,1
749,Male,58,41,59,1
750,Female,48,83,83,1
751,Female,30,61,89,0
752,Female,62,32,48,1
753,Male,24,59,31,0
754,Male,43,102,34,1
755,Female,46,92,23,1
756,Male,38,126,35,1
757,Female,44,101,71,1
758,Male,39,19,49,0
759,Female,50,18,35,1
760,Male,48,130,68,1
761,Female,49,32,81,1
762,Male,32,47,66,1
763,Female,51,81,67,1
764,Female,59,128,53,1
765,Male,33,22,36,0
766,Male,19,116,29,1
767,Male,40,25,40,0
768,Male,56,62,66,0
769,Male,42,67,24,0
770,Female,22,94,69,1
771,Female,63,23,57,1
772,Male,62,76,52,1
773,Female,44,24,72,1
774,Male,25,62,66,1
775,Male,39,102,28,1
776,Male,51,28,70,1
777,Male,57,98,44,1
778,Male,54,18,26,1
779,Male,39,62,25,0
780,Female,34,129,50,1
781,Female,39,77,20,1
782,Female,49,125,26,1
783,Female,25,68,77,0
784,Male,40,16,20,0
785,Male,36,59,21,0
786,Male,62,83,49,1
787,Female,61,16,24,0
788,Female,50,80,63,1
789,Female,52,121,29,1
790,Female,25,57,25,0
791,Female,23,105,63,1
792,Male,19,102,31,1
793,Male,54,35,51,1
794,Male,18,116,27,1
795,Female,40,31,40,1
796,Male,45,58,22,0
797,Male,59,120,68,1
798,Female,32,125,35,1
799,Male,35,53,76,0
800,Female,24,91,33,1
801,Male,62,73,32,1
802,Male,20,105,87,1
803,Female,22,79,28,1
804,Female,60,85,59,1
805,Female,48,104,52,1
806,Female,28,87,51,1
807,Male,26,19,34,0
808,Female,51,32,86,0
809,Female,43,45,23,0
810,Male,62,82,76,1
811,Female,42,70,81,1
812,Male,21,60,34,0
813,Female,27,124,57,1
814,Female,25,38,28,0
815,Female,49,38,28,1
816,Male,56,51,33,1
817,Male,54,88,50,1
818,Male,53,41,22,1
819,Female,57,39,25,0
820,Female,53,68,27,1
821,Male,38,28,30,0
822,Female,35,113,60,1
823,Male,62,66,60,1
824,Female,20,64,40,1
825,Female,58,119,75,1
826,Female,39,97,75,1
827,Female,38,121,52,1
828,Male,44,123,88,1
829,Female,24,25,27,0
830,Male,25,30,69,1
831,Male,44,29,69,1
832,Male,29,57,37,0
833,Female,54,87,84,1
834,Female,26,128,56,1
835,Male,64,24,30,1
836,Male,56,119,58,1
837,Female,46,128,64,1
838,Female,63,120,35,1
839,Female,63,87,70,1
840,Male,59,115,58,1
841,Female,50,56,35,1
842,Female,48,41,45,1
843,Male,21,108,57,1
844,Male,47,109,33,1
845,Female,41,87,88,1
846,Female,40,115,72,1
847,Male,58,109,81,1
848,Male,30,72,84,0
849,Male,24,34,56,1
850,Female,38,93,64,1
851,Female,55,80,22,0
852,Female,24,107,86,1
853,Male,63,117,61,1
854,Male,30,124,57,1
855,Female,60,74,65,0
856,Female,44,113,79,1
857,Male,25,86,43,1
858,Male,57,115,61,1
859,Female,26,53,22,0
860,Female,26,38,47,0
861,Male,41,57,44,0
862,Male,24,70,84,0
863,Female,60,109,27,1
864,Male,37,116,63,1
865,Female,40,22,46,1
866,Male,25,91,80,1
867,Male,60,26,32,0
868,Male,26,42,48,0
869,Female,34,23,35,0
870,Female,27,98,72,1
871,Female,59,16,26,0
872,Female,61,51,66,0
873,Female,18,125,85,1
874,Female,19,54,22,0
875,Male,58,87,69,1
876,Male,23,62,66,1
877,Male,46,26,81,0
878,Male,40,87,76,1
879,Male,63,68,49,1
880,Male,52,99,77,1
881,Male,49,114,23,1
882,Male,54,27,76,1
883,Male,52,46,83,1
884,Female,18,47,55,0
885,Female,24,78,82,1
886,Female,19,66,65,1
887,Female,38,48,74,1
888,Female,55,83,37,0
889,Female,52,126,59,1
890,Male,29,84,85,1
891,Female,43,111,62,1
892,Male,36,35,65,1
893,Male,55,110,76,1
894,Female,26,61,71,1
895,Male,62,45,54,1
896,Female,23,28,64,1
897,Male,18,83,46,0
898,Female,50,57,32,1
899,Female,42,107,42,1
900,Male,36,88,65,1
901,Male,58,53,74,1
902,Male,64,58,79,1
903,Male,61,129,83,1
904,Female,39,91,61,1
905,Female,23,77,59,1
906,Female,60,75,28,0
907,Male,62,117,51,1
908,Female,31,114,34,1
909,Female,18,120,42,1
910,Male,59,48,51,1
911,Male,41,39,64,1
912,Male,63,99,69,1
913,Female,54,58,48,0
914,Female,34,98,55,1
915,Male,19,24,83,0
916,Female,53,49,27,1
917,Male,35,119,79,1
918,Female,28,89,58,1
919,Male,55,101,69,1
920,Male,62,121,63,1
921,Male,63,51,40,1
922,Male,36,56,60,1
923,Female,47,114,47,1
924,Male,60,87,24,1
925,Female,20,82,49,1
926,Female,21,66,32,1
927,Female,45,52,42,1
928,Female,26,68,68,1
929,Female,45,106,43,1
930,Female,29,105,21,1
931,Female,63,105,56,1
932,Male,63,115,40,1
933,Female,44,73,57,1
934,Female,25,81,64,1
935,Female,36,74,25,1
936,Male,63,128,42,1
937,Female,41,68,49,1
938,Female,26,85,81,1
939,Female,47,52,59,1
940,Female,27,57,52,0
941,Male,27,49,83,0
942,Female,64,72,78,1
943,Male,36,69,59,1
944,Female,30,44,58,0
945,Male,62,100,37,1
946,Female,63,53,30,1
947,Female,44,95,56,1
948,Female,40,105,76,1
949,Female,24,70,61,1
950,Female,50,39,78,1
951,Male,19,71,73,0
952,Male,37,104,30,1
953,Male,22,96,48,1
954,Male,60,122,50,1
955,Male,55,61,42,1
956,Male,57,31,51,1
957,Female,56,81,65,0
958,Male,31,95,55,1
959,Female,59,91,49,1
960,Male,48,97,29,1
961,Female,32,81,67,1
962,Female,50,21,76,1
963,Male,54,83,87,1
964,Female,63,129,73,1
965,Female,19,102,52,1
966,Female,23,83,29,1
967,Female,28,19,45,0
968,Female,46,16,58,1
969,Male,60,63,83,1
970,Male,64,71,47,1
971,Female,42,37,83,1
972,Female,64,25,31,1
973,Female,61,54,44,0
974,Male,62,28,68,1
975,Female,49,19,30,1
976,Male,58,44,67,1
977,Female,52,128,34,1
978,Female,52,109,48,1
979,Male,62,62,56,1
980,Male,42,57,69,1
981,Male,39,73,49,0
982,Male,25,35,87,0
983,Female,51,65,81,1
984,Female,54,96,52,1
985,Female,47,68,89,0
986,Male,22,59,88,1
987,Male,34,29,79,0
988,Female,37,19,64,1
989,Male,54,15,20,1
990,Male,34,16,38,0
991,Male,42,108,65,1
992,Male,56,49,89,1
993,Male,42,113,68,1
994,Female,57,115,74,1
995,Female,28,33,60,0
996,Male,19,119,48,1
997,Female,59,25,40,0
998,Male,50,48,25,1
999,Male,37,23,32,0
1000,Female,62,33,28,1
1001,Female,49,30,50,1
1002,Female,30,112,60,1
1003,Female,63,37,69,1
1004,Male,28,51,20,0
1005,Female,23,92,36,1
1006,Female,61,45,61,0
1007,Female,55,127,50,1
1008,Female,42,106,55,1
1009,Male,38,76,52,0
1010,Male,55,59,32,1
1011,Female,33,20,73,1
1012,Female,37,51,31,0
1013,Male,50,46,57,1
1014,Male,58,112,37,1
1015,Female,46,82,64,1
1016,Male,58,100,61,1
1017,Male,29,119,71,1
1018,Male,45,27,23,1
1019,Female,40,88,83,1
1020,Female,36,92,88,1
1021,Male,45,85,74,1
1022,Male,26,107,63,1
1023,Female,23,57,79,1
1024,Male,44,23,83,1
1025,Male,49,41,45,1
1026,Male,36,55,30,0
1027,Female,18,31,61,1
1028,Female,45,96,21,1
1029,Male,22,74,35,1
1030,Female,23,27,88,0
1031,Male,25,47,57,1
1032,Female,42,114,26,1
1033,Female,48,46,64,1
1034,Female,62,43,75,1
1035,Female,58,66,48,0
1036,Male,62,48,30,1
1037,Female,41,44,86,0
1038,Male,33,57,82,0
1039,Female,58,105,51,1
1040,Male,20,111,65,1
1041,Male,23,107,66,1
1042,Female,57,67,56,0
1043,Female,36,100,53,1
1044,Male,46,106,61,1
1045,Female,44,116,40,1
1046,Male,21,124,84,1
1047,Female,19,114,44,1
1048,Female,42,41,78,1
1049,Male,18,39,23,0
1050,Male,34,65,69,1
1051,Female,41,65,36,1
1052,Male,56,70,51,1
1053,Male,58,98,70,1
1054,Female,39,116,55,1
1055,Male,43,119,67,1
1056,Male,34,28,64,1
1057,Male,28,75,65,1
1058,Male,33,56,21,0
1059,Female,58,129,46,1
1060,Male,53,89,32,1
1061,Female,40,49,41,1
1062,Male,33,61,84,0
1063,Female,26,16,67,1
1064,Female,26,55,55,0
1065,Male,49,37,81,1
1066,Female,39,127,81,1
1067,Male,40,71,78,0
1068,Male,31,105,52,1
1069,Female,44,96,76,1
1070,Female,33,80,52,0
1071,Female,35,110,31,1
1072,Male,39,88,54,1
1073,Female,60,76,78,0
1074,Male,63,54,89,1
1075,Male,63,85,50,1
1076,Female,63,39,77,1
1077,Female,27,104,84,1
1078,Male,55,108,65,1
1079,Female,53,17,60,1
1080,Female,33,40,71,1
1081,Female,64,48,53,1
1082,Male,60,40,54,0
1083,Male,48,64,54,1
1084,Male,53,118,47,1
1085,Female,44,108,68,1
1086,Male,54,18,77,1
1087,Female,32,114,87,1
1088,Male,41,38,22,1
1089,Male,44,58,46,0
1090,Female,63,120,89,1
1091,Female,18,111,46,1
1092,Female,48,121,77,1
1093,Female,45,24,40,1
1094,Female,64,42,58,1
1095,Male,31,117,88,1
1096,Female,23,123,77,1
1097,Female,19,109,59,1
1098,Male,21,128,81,1
1099,Female,27,54,34,0
1100,Male,36,18,52,0
1101,Male,61,87,69,1
1102,Male,24,84,31,1
1103,Male,63,93,60,1
1104,Female,47,124,83,1
1105,Female,59,27,79,1
1106,Male,49,33,27,1
1107,Male,42,41,27,0
1108,Male,29,118,40,1
1109,Female,44,29,70,1
1110,Female,47,22,54,1
1111,Female,44,82,76,1
1112,Female,42,66,71,1
1113,Male,25,130,51,1
1114,Male,22,98,59,1
1115,Male,20,85,86,1
1116,Male,39,41,86,1
1117,Male,60,34,80,1
1118,Male,43,64,55,1
1119,Female,63,27,85,1
1120,Male,19,86,51,1
1121,Male,24,60,42,0
1122,Male,38,30,32,0
1123,Female,45,29,71,1
1124,Female,37,25,79,1
1125,Female,47,51,55,1
1126,Male,32,72,50,0
1127,Male,23,89,81,1
1128,Female,62,33,44,1
1129,Male,60,90,65,1
1130,Male,38,58,23,0
1131,Male,21,54,69,1
1132,Female,27,85,34,1
1133,Female,34,103,65,1
1134,Male,46,20,35,0
1135,Female,19,74,78,1
1136,Female,45,81,28,1
1137,Female,51,46,32,1
1138,Female,54,87,81,1
1139,Male,45,128,22,1
1140,Male,36,128,58,1
1141,Male,60,107,76,1
1142,Female,42,113,76,1
1143,Male,53,107,28,1
1144,Male,59,99,46,1
1145,Male,54,52,82,1
1146,Female,60,37,81,0
1147,Female,23,80,72,1
1148,Female,48,67,28,1
1149,Female,64,33,31,1
1150,Female,42,89,24,1
1151,Female,49,36,23,1
1152,Female,56,114,41,1
1153,Female,18,39,79,1
1154,Female,63,82,34,1
1155,Male,43,54,63,1
1156,Female,45,116,89,1
1157,Male,19,126,42,1
1158,Male,42,58,38,0
1159,Male,22,119,72,1
1160,Male,58,118,31,1
1161,Female,49,101,83,1
1162,Female,24,89,75,1
1163,Female,51,100,27,1
1164,Female,27,78,35,1
1165,Female,27,97,44,1
1166,Female,61,106,22,1
1167,Female,46,129,28,1
1168,Male,61,74,51,1
1169,Male,55,80,86,0
1170,Male,18,126,46,1
1171,Female,47,87,26,1
1172,Female,32,33,41,0
1173,Female,56,33,63,0
1174,Female,62,74,37,1
1175,Female,26,76,59,1
1176,Male,59,22,49,1
1177,Female,23,31,36,0
1178,Female,27,93,55,1
1179,Male,41,30,41,0
1180,Male,54,53,35,1
1181,Male,44,118,72,1
1182,Male,50,22,41,1
1183,Male,37,68,64,1
1184,Female,43,72,71,1
1185,Male,21,25,67,1
1186,Female,20,76,88,0
1187,Male,56,19,54,1
1188,Female,30,70,65,1
1189,Female,36,98,22,1
1190,Male,28,78,39,0
1191,Male,33,96,53,1
1192,Female,44,43,31,1
1193,Male,23,129,75,1
1194,Male,63,97,36,1
1195,Female,23,26,68,1
1196,Male,27,92,71,1
1197,Male,33,15,73,1
1198,Male,41,22,47,0
1199,Female,24,28,72,1
1200,Male,64,108,64,1
1201,Male,18,108,87,1
1202,Female,47,102,39,1
1203,Female,37,84,52,1
1204,Male,53,67,79,1
1205,Male,34,84,43,1
1206,Male,34,36,41,0
1207,Male,18,93,41,1
1208,Female,51,82,65,1
1209,Female,18,103,31,1
1210,Female,35,98,78,1
1211,Female,18,102,49,1
1212,Female,51,59,75,1
1213,Male,26,94,26,1
1214,Female,18,130,40,1
1215,Male,51,51,80,1
1216,Female,29,20,59,0
1217,Female,60,54,20,0
1218,Female,57,83,83,0
1219,Female,22,43,74,1
1220,Male,49,25,37,1
1221,Female,31,82,66,1
1222,Female,20,94,52,1
1223,Female,22,49,25,0
1224,Female,60,77,89,0
1225,Female,50,97,44,1
1226,Female,26,15,26,0
1227,Female,39,19,35,1
1228,Female,25,80,40,1
1229,Male,36,123,55,1
1230,Female,36,30,81,1
1231,Female,54,109,32,1
1232,Female,30,68,59,1
1233,Female,52,87,80,1
1234,Male,64,76,77,1
1235,Male,56,86,73,1
1236,Female,32,50,68,1
1237,Male,36,45,73,0
1238,Female,35,95,68,1
1239,Female,58,54,49,0
1240,Female,54,126,80,1
1241,Female,41,83,76,1
1242,Male,38,55,35,0
1243,Male,37,39,61,1
1244,Male,48,78,76,0
1245,Male,43,69,54,1
1246,Male,23,54,25,0
1247,Male,46,21,49,0
1248,Male,43,58,61,1
1249,Male,29,63,64,1
1250,Male,22,119,70,1
1251,Female,60,80,34,0
1252,Female,40,89,63,1
1253,Male,46,76,36,0
1254,Male,49,80,37,1
1255,Female,50,107,35,1
1256,Male,22,111,68,1
1257,Male,23,100,39,1
1258,Male,46,121,74,1
1259,Female,46,74,80,0
1260,Female,42,89,78,1
1261,Male,38,123,81,1
1262,Female,48,71,36,0
1263,Male,48,55,45,0
1264,Male,53,67,85,1
1265,Male,43,30,73,0
1266,Male,54,84,62,1
1267,Male,55,33,55,1
1268,Male,55,57,22,1
1269,Female,39,17,84,1
1270,Female,47,101,88,1
1271,Male,63,99,60,1
1272,Female,42,73,44,1
1273,Female,24,66,64,1
1274,Male,48,22,29,0
1275,Male,60,48,56,0
1276,Male,55,122,37,1
1277,Female,46,89,73,1
1278,Male,41,113,51,1
1279,Female,22,102,41,1
1280,Male,44,110,72,1
1281,Female,28,69,27,1
1282,Female,34,71,51,1
1283,Female,25,25,57,0
1284,Female,20,100,49,1
1285,Female,39,16,48,1
1286,Male,46,118,54,1
1287,Male,64,88,77,1
1288,Female,52,124,28,1
1289,Male,60,125,52,1
1290,Male,55,97,77,1
1291,Male,45,41,72,0
1292,Female,20,23,65,1
1293,Female,36,88,74,1
1294,Male,31,90,87,1
1295,Female,34,72,56,1
1296,Male,23,49,82,0
1297,Female,36,52,41,0
1298,Male,28,36,83,0
1299,Female,32,71,32,1
1300,Female,56,88,52,1
1301,Male,40,102,62,1
1302,Male,42,64,85,0
1303,Female,31,98,58,1
1304,Male,29,72,43,0
1305,Female,33,64,61,1
1306,Female,49,27,87,0
1307,Male,20,21,63,1
1308,Female,42,116,72,1
1309,Male,62,77,67,1
1310,Female,44,60,55,1
1311,Female,34,73,79,1
1312,Female,53,51,68,1
1313,Male,63,108,35,1
1314,Male,32,76,59,1
1315,Female,33,42,31,0
1316,Male,51,22,36,1
1317,Male,19,88,54,1
1318,Male,39,123,87,1
1319,Male,42,64,74,0
1320,Male,34,123,61,1
1321,Male,43,36,37,0
1322,Male,37,27,23,0
1323,Male,40,96,29,1
1324,Female,48,68,22,1
1325,Female,48,57,48,1
1326,Male,62,84,29,1
1327,Male,41,56,79,0
1328,Male,61,41,83,1
1329,Female,44,88,58,1
1330,Male,28,15,31,0
1331,Male,60,51,52,1
1332,Male,48,101,32,1
1333,Female,47,68,37,1
1334,Male,26,73,27,0
1335,Male,23,93,50,1
1336,Female,61,34,26,0
1337,Male,21,121,28,1
1338,Male,58,66,59,1
1339,Female,54,89,21,1
1340,Female,60,25,74,0
1341,Male,21,100,67,1
1342,Male,57,130,39,1
1343,Female,19,83,36,1
1344,Female,53,53,66,1
1345,Male,56,75,57,1
1346,Female,35,117,65,1
1347,Female,19,68,52,1
1348,Female,58,60,82,0
1349,Male,32,42,65,1
1350,Male,64,114,70,1
1351,Female,44,50,42,1
1352,Female,56,130,46,1
1353,Male,62,35,81,1
1354,Female,20,111,44,1
1355,Male,42,93,52,1
1356,Female,38,85,49,1
1357,Male,36,49,65,1
1358,Male,43,55,34,0
1359,Male,48,84,31,1
1360,Female,26,99,67,1
1361,Female,57,99,32,1
1362,Male,48,20,73,1
1363,Female,51,78,24,1
1364,Female,48,121,20,1
1365,Female,41,30,39,1
1366,Male,35,108,62,1
1367,Female,58,121,77,1
1368,Female,27,44,26,0
1369,Female,49,92,37,1
1370,Male,34,73,39,0
1371,Male,24,15,82,0
1372,Male,39,24,85,1
1373,Female,48,48,85,1
1374,Female,44,87,58,1
1375,Male,49,21,40,1
1376,Male,36,65,71,0
1377,Male,22,78,63,1
1378,Female,55,32,41,0
1379,Female,44,58,45,0
1380,Female,40,67,85,1
1381,Female,61,108,27,1
1382,Male,28,81,56,1
1383,Female,27,83,68,1
1384,Female,30,47,41,0
1385,Female,51,110,61,1
1386,Male,28,87,72,1
1387,Male,40,89,46,1
1388,Female,21,116,20,1
1389,Male,23,79,61,1
1390,Male,38,127,85,1
1391,Female,28,35,37,0
1392,Male,23,84,29,1
1393,Male,37,40,24,0
1394,Male,27,20,64,1
1395,Male,58,34,70,1
1396,Male,46,71,41,0
1397,Female,40,89,48,1
1398,Female,41,97,37,1
1399,Female,28,97,66,1
1400,Female,52,35,56,1
1401,Female,41,109,33,1
1402,Female,45,28,24,1
1403,Female,20,84,22,1
1404,Male,48,122,42,1
1405,Male,26,41,33,0
1406,Male,36,27,51,0
1407,Male,52,79,28,1
1408,Female,25,26,66,1
1409,Female,31,80,76,1
1410,Female,63,127,24,1
1411,Male,19,23,60,1
1412,Male,61,20,69,1
1413,Female,52,101,46,1
1414,Female,55,38,44,0
1415,Female,57,64,67,0
1416,Male,37,85,60,1
1417,Female,35,67,59,1
1418,Male,58,38,87,1
1419,Female,59,73,20,0
1420,Male,50,129,53,1
1421,Male,45,117,63,1
1422,Female,41,103,42,1
1423,Male,40,71,83,0
1424,Female,33,120,40,1
1425,Female,34,52,66,1
1426,Male,36,30,37,0
1427,Female,59,41,52,0
1428,Female,45,48,83,0
1429,Male,51,50,51,1
1430,Female,62,28,64,1
1431,Male,32,31,23,0
1432,Female,45,34,35,1
1433,Male,23,99,29,1
1434,Male,59,42,51,1
1435,Female,50,83,57,1
1436,Female,42,43,44,1
1437,Female,33,62,36,1
1438,Female,58,69,69,0
1439,Female,33,51,56,0
1440,Male,26,119,71,1
1441,Female,34,46,34,0
1442,Male,51,22,21,1
1443,Male,35,34,88,1
1444,Female,43,55,55,1
1445,Female,44,112,63,1
1446,Female,34,123,51,1
1447,Male,46,67,44,0
1448,Female,49,23,35,1
1449,Female,56,123,58,1
1450,Female,21,68,56,1
1451,Female,42,42,44,1
1452,Male,31,79,36,0
1453,Female,62,73,65,1
1454,Female,61,128,37,1
1455,Male,35,96,58,1
1456,Female,25,36,46,0
1457,Male,25,56,73,0
1458,Female,48,35,41,1
1459,Male,43,47,37,0
1460,Male,20,20,30,0
1461,Male,55,93,66,1
1462,Male,19,51,42,0
1463,Male,61,110,85,1
1464,Male,24,90,24,1
1465,Male,31,96,28,1
1466,Male,29,19,34,0
1467,Male,64,16,77,1
1468,Female,51,127,54,1
1469,Female,57,74,45,1
1470,Female,18,37,63,1
1471,Female,33,120,75,1
1472,Male,57,93,84,1
1473,Male,18,29,21,0
1474,Male,58,65,36,1
1475,Female,58,68,80,0
1476,Female,32,21,29,0
1477,Male,23,18,87,1
1478,Female,64,100,47,1
1479,Female,57,129,41,1
1480,Female,62,119,50,1
1481,Male,21,55,20,0
1482,Male,48,89,89,1
1483,Male,19,62,33,0
1484,Male,41,72,87,0
1485,Male,32,74,24,0
1486,Female,58,61,60,0
1487,Male,22,72,84,0
1488,Male,43,108,35,1
1489,Male,49,57,52,1
1490,Male,28,40,40,0
1491,Female,36,28,81,1
1492,Male,57,75,30,1
1493,Male,22,80,82,0
1494,Female,23,106,69,1
1495,Male,26,27,86,1
1496,Male,21,68,75,0
1497,Female,44,50,56,1
1498,Female,39,27,33,1
1499,Male,54,34,39,1
1500,Female,22,23,39,0
1501,Female,55,81,78,0
1502,Male,24,56,24,0
1503,Male,60,56,27,1
1504,Male,59,47,34,1
1505,Male,62,115,63,1
1506,Female,31,35,78,1
1507,Male,37,114,43,1
1508,Female,46,31,48,1
1509,Male,29,121,45,1
1510,Female,18,100,28,1
1511,Male,55,110,37,1
1512,Female,18,113,87,1
1513,Male,64,81,28,1
1514,Male,26,110,61,1
1515,Male,37,106,57,1
1516,Male,61,57,21,1
1517,Female,40,118,89,1
1518,Female,42,113,50,1
1519,Female,48,60,35,1
1520,Female,36,90,84,1
1521,Male,57,85,60,1
1522,Male,60,49,46,1
1523,Male,64,19,85,1
1524,Male,63,45,64,1
1525,Male,49,24,21,1
1526,Female,41,116,33,1
1527,Male,33,44,22,0
1528,Female,60,50,29,0
1529,Female,41,73,73,1
1530,Female,48,82,46,1
1531,Female,33,43,32,0
1532,Female,25,80,83,1
1533,Female,20,99,65,1
1534,Male,45,109,77,1
1535,Male,41,40,60,1
1536,Male,30,34,24,0
1537,Female,60,16,54,0
1538,Female,26,22,63,1
1539,Male,42,71,30,0
1540,Male,63,67,23,1
1541,Female,39,96,35,1
1542,Female,30,42,22,0
1543,Male,57,72,24,1
1544,Male,62,45,40,1
1545,Male,48,29,83,0
1546,Male,22,91,68,1
1547,Female,19,57,24,0
1548,Male,34,79,39,0
1549,Female,61,21,44,0
1550,Male,26,129,43,1
1551,Male,23,49,50,0
1552,Male,43,24,89,1
1553,Female,18,107,45,1
1554,Female,50,89,28,1
1555,Female,56,120,63,1
1556,Male,63,50,22,1
1557,Female,60,60,31,0
1558,Male,35,45,20,0
1559,Female,35,77,72,1
1560,Female,28,37,39,0
1561,Male,43,62,33,0
1562,Female,58,123,46,1
1563,Male,35,78,55,1
1564,Male,31,15,22,0
1565,Female,38,101,37,1
1566,Female,27,105,40,1
1567,Male,46,66,44,0
1568,Male,45,72,73,0
1569,Female,21,31,54,0
1570,Male,28,120,49,1
1571,Male,48,71,25,0
1572,Female,24,89,35,1
1573,Female,61,101,24,1
1574,Male,40,15,40,1
1575,Female,49,77,71,1
1576,Male,30,58,29,0
1577,Male,25,119,39,1
1578,Female,59,90,32,1
1579,Male,42,23,46,0
1580,Male,44,75,47,0
1581,Female,51,66,39,1
1582,Female,27,28,87,0
1583,Male,28,30,21,0
1584,Female,21,31,55,0
1585,Female,44,41,73,1
1586,Female,23,27,72,1
1587,Male,49,87,35,1
1588,Male,29,110,47,1
1589,Male,29,59,57,1
1590,Male,38,77,52,0
1591,Female,38,88,53,1
1592,Male,35,116,27,1
1593,Female,64,98,66,1
1594,Male,52,100,75,1
1595,Male,27,92,56,1
1596,Male,42,86,84,1
1597,Male,23,27,44,0
1598,Male,59,73,86,1
1599,Female,33,106,77,1
1600,Male,35,123,70,1
1601,Female,48,102,37,1
1602,Female,56,53,89,1
1603,Female,55,108,29,1
1604,Female,53,67,53,1
1605,Male,53,121,67,1
1606,Female,42,123,21,1
1607,Male,20,129,85,1
1608,Male,30,110,24,1
1609,Female,44,26,55,1
1610,Male,39,93,80,1
1611,Male,46,48,29,0
1612,Male,21,35,82,0
1613,Female,56,40,60,0
1614,Female,54,103,68,1
1615,Male,62,38,43,1
1616,Male,38,78,40,0
1617,Male,60,49,26,1
1618,Female,18,79,46,1
1619,Male,34,123,32,1
1620,Male,23,128,87,1
1621,Male,49,43,71,1
1622,Female,43,75,25,1
1623,Female,48,81,84,0
1624,Female,45,55,58,1
1625,Male,20,112,58,1
1626,Male,55,35,55,1
1627,Female,47,56,61,1
1628,Female,38,37,58,1
1629,Male,37,49,46,0
1630,Female,56,83,86,0
1631,Male,50,37,27,1
1632,Female,23,42,76,1
1633,Male,20,24,25,0
1634,Female,18,24,34,0
1635,Male,49,102,24,1
1636,Male,64,60,51,1
1637,Female,60,41,49,0
1638,Female,22,47,89,0
1639,Male,60,113,55,1
1640,Male,24,114,79,1
1641,Female,31,50,53,0
1642,Male,42,102,33,1
1643,Female,41,104,34,1
1644,Male,35,90,27,1
1645,Male,25,129,89,1
1646,Male,60,55,43,1
1647,Male,30,19,37,0
1648,Male,34,61,75,0
1649,Female,37,122,89,1
1650,Male,62,95,45,1
1651,Male,29,76,35,0
1652,Male,27,49,30,0
1653,Female,32,105,47,1
1654,Male,64,27,50,1
1655,Female,18,64,28,1
1656,Female,43,119,34,1
1657,Male,54,110,26,1
1658,Female,49,40,28,1
1659,Male,56,114,39,1
1660,Female,19,86,24,1
1661,Male,21,100,59,1
1662,Female,50,124,86,1
1663,Female,56,32,43,0
1664,Female,41,38,27,1
1665,Female,54,25,49,1
1666,Male,57,117,43,1
1667,Female,55,52,37,0
1668,Female,47,74,35,1
1669,Female,43,59,68,1
1670,Female,20,40,61,1
1671,Male,51,91,81,1
1672,Female,30,32,44,0
1673,Male,59,45,52,1
1674,Male,51,36,57,1
1675,Male,43,125,33,1
1676,Male,32,106,66,1
1677,Female,58,62,33,1
1678,Male,31,59,52,0
1679,Female,20,123,80,1
1680,Male,20,121,76,1
1681,Male,45,66,57,1
1682,Female,60,51,58,0
1683,Female,54,54,32,0
1684,Male,34,117,75,1
1685,Female,34,26,40,0
1686,Female,61,27,31,0
1687,Female,25,96,75,1
1688,Male,35,86,36,1
1689,Male,57,73,62,1
1690,Male,33,79,73,0
1691,Female,51,67,65,1
1692,Female,36,104,44,1
1693,Female,49,87,35,1
1694,Female,56,69,26,0
1695,Male,20,118,63,1
1696,Female,28,34,68,1
1697,Female,47,68,51,1
1698,Male,43,119,79,1
1699,Female,35,33,56,0
1700,Male,26,123,54,1
1701,Female,30,65,38,1
1702,Female,45,80,36,1
1703,Female,55,126,36,1
1704,Male,52,32,66,1
1705,Female,42,95,78,1
1706,Female,48,124,27,1
1707,Male,56,62,28,0
1708,Male,31,111,26,1
1709,Male,60,103,62,1
1710,Male,32,73,74,0
1711,Female,45,50,63,1
1712,Male,62,86,83,1
1713,Female,43,20,42,1
1714,Female,37,130,88,1
1715,Male,34,42,65,1
1716,Female,41,122,53,1
1717,Male,23,83,68,1
1718,Male,64,72,48,1
1719,Male,47,67,62,1
1720,Female,19,90,32,1
1721,Female,38,83,89,0
1722,Male,20,23,67,1
1723,Female,44,32,88,0
1724,Female,60,97,47,1
1725,Female,22,93,81,1
1726,Male,64,121,48,1
1727,Male,37,58,33,0
1728,Male,51,78,58,1
1729,Male,31,53,61,1
1730,Male,42,121,29,1
1731,Female,61,117,61,1
1732,Male,40,126,54,1
1733,Female,20,64,31,1
1734,Male,57,116,50,1
1735,Female,18,75,44,1
1736,Female,37,129,24,1
1737,Female,64,40,61,1
1738,Male,64,36,31,1
1739,Female,29,53,73,1
1740,Female,25,58,77,1
1741,Male,29,78,36,0
1742,Female,48,108,51,1
1743,Male,20,103,49,1
1744,Female,28,122,74,1
1745,Female,61,58,36,0
1746,Male,55,84,74,1
1747,Female,25,100,67,1
1748,Male,38,62,84,0
1749,Male,38,60,37,0
1750,Female,20,112,29,1
1751,Male,57,91,52,1
1752,Male,27,112,53,1
1753,Male,46,110,63,1
1754,Female,29,127,49,1
1755,Male,55,74,53,1
1756,Female,57,40,57,0
1757,Male,59,18,68,1
1758,Male,21,45,77,0
1759,Male,35,92,73,1
1760,Male,26,64,75,0
1761,Male,22,72,28,0
1762,Male,62,78,41,1
1763,Female,63,55,61,1
1764,Male,37,104,83,1
1765,Female,27,103,33,1
1766,Male,58,32,64,1
1767,Male,64,43,72,1
1768,Male,42,109,65,1
1769,Female,41,23,56,1
1770,Male,25,70,33,0
1771,Female,60,63,30,1
1772,Male,61,128,63,1
1773,Male,30,87,53,1
1774,Female,24,127,58,1
1775,Male,54,41,55,1
1776,Male,19,33,31,0
1777,Female,44,126,72,1
1778,Male,24,48,52,0
1779,Male,48,124,45,1
1780,Female,54,128,88,1
1781,Male,36,90,59,1
1782,Female,36,66,26,1
1783,Female,18,19,42,0
1784,Male,63,50,67,1
1785,Male,51,123,50,1
1786,Male,36,40,78,0
1787,Female,38,70,35,1
1788,Male,41,114,22,1
1789,Male,23,20,73,0
1790,Female,41,19,56,1
1791,Female,18,112,36,1
1792,Female,36,53,73,0
1793,Male,20,84,81,1
1794,Male,62,98,66,1
1795,Male,21,30,54,1
1796,Male,61,62,34,1
1797,Male,52,95,32,1
1798,Male,42,110,63,1
1799,Male,51,36,43,1
1800,Female,64,122,68,1
1801,Female,21,44,65,1
1802,Male,45,109,20,1
1803,Male,37,37,42,0
1804,Female,42,113,84,1
1805,Female,22,88,79,1
1806,Male,61,60,48,1
1807,Female,48,15,88,0
1808,Female,33,44,24,0
1809,Female,64,30,33,1
1810,Female,54,107,71,1
1811,Female,33,122,61,1
1812,Female,34,31,57,0
1813,Male,51,49,42,1
1814,Female,26,112,83,1
1815,Female,55,94,53,1
1816,Female,29,29,34,0
1817,Female,44,104,76,1
1818,Male,61,31,81,1
1819,Male,36,102,47,1
1820,Male,26,115,65,1
1821,Female,64,101,76,1
1822,Male,37,41,33,0
1823,Female,28,29,22,0
1824,Female,24,121,49,1
1825,Female,18,75,41,1
1826,Male,19,37,39,0
1827,Female,39,34,36,1
1828,Male,64,101,80,1
1829,Female,19,87,52,1
1830,Female,51,111,50,1
1831,Female,43,72,21,1
1832,Male,34,33,38,0
1833,Female,22,124,85,1
1834,Female,49,92,25,1
1835,Male,56,53,30,1
1836,Female,33,104,24,1
1837,Female,32,38,44,0
1838,Male,55,118,43,1
1839,Male,60,30,27,1
1840,Female,39,56,38,1
1841,Female,58,102,76,1
1842,Male,44,19,81,0
1843,Male,48,21,55,1
1844,Male,58,101,40,1
1845,Female,34,42,50,0
1846,Male,57,17,53,1
1847,Male,37,17,85,0
1848,Male,47,43,35,0
1849,Female,29,38,76,1
1850,Male,32,73,87,1
1851,Male,46,27,73,0
1852,Female,26,120,50,1
1853,Male,24,102,67,1
1854,Female,41,36,61,1
1855,Male,24,39,77,0
1856,Male,35,108,78,1
1857,Male,50,93,23,1
1858,Female,61,81,80,0
1859,Male,23,82,79,1
1860,Male,60,47,89,1
1861,Female,55,29,28,0
1862,Male,20,64,65,1
1863,Female,36,15,43,0
1864,Male,42,63,67,1
1865,Female,59,51,34,0
1866,Male,31,79,20,0
1867,Female,20,112,74,1
1868,Male,60,36,21,1
1869,Female,34,18,73,1
1870,Female,25,124,31,1
1871,Male,56,102,78,1
1872,Female,40,44,23,1
1873,Female,56,83,24,0
1874,Male,37,71,74,0
1875,Male,34,37,35,0
1876,Male,53,121,26,1
1877,Male,35,65,32,0
1878,Female,18,123,58,1
1879,Male,48,45,57,1
1880,Male,48,91,32,1
1881,Female,43,51,87,0
1882,Female,41,16,82,1
1883,Female,25,101,86,1
1884,Male,22,43,49,0
1885,Male,56,106,84,1
1886,Male,36,86,46,1
1887,Female,42,41,50,1
1888,Male,32,35,20,0
1889,Male,55,79,53,1
1890,Female,36,118,27,1
1891,Male,19,113,73,1
1892,Female,62,50,67,1
1893,Female,23,126,80,1
1894,Male,44,109,56,1
1895,Female,47,49,28,1
1896,Male,18,97,22,1
1897,Female,23,19,53,0
1898,Female,35,64,48,1
1899,Male,51,38,22,1
1900,Male,48,55,39,0
1901,Male,26,122,24,1
1902,Female,41,72,87,0
1903,Male,33,112,26,1
1904,Male,29,99,63,1
1905,Male,55,96,72,1
1906,Female,37,77,46,1
1907,Male,44,43,62,1
1908,Female,18,96,28,1
1909,Female,45,100,61,1
1910,Male,56,15,55,1
1911,Male,54,89,31,1
1912,Female,53,34,81,1
1913,Male,27,123,85,1
1914,Male,58,15,67,1
1915,Male,54,102,39,1
1916,Male,54,25,75,1
1917,Male,30,84,79,1
1918,Female,48,57,83,1
1919,Male,58,28,69,1
1920,Male,20,99,43,1
1921,Male,58,44,25,1
1922,Male,42,36,24,0
1923,Female,35,32,44,0
1924,Female,36,16,24,0
1925,Female,30,129,64,1
1926,Male,58,87,68,1
1927,Female,34,23,28,0
1928,Male,45,59,34,0
1929,Female,57,19,61,0
1930,Male,43,85,23,1
1931,Female,20,75,66,1
1932,Female,34,19,43,0
1933,Male,54,105,63,1
1934,Female,60,69,29,0
1935,Male,63,92,77,1
1936,Female,31,61,61,1
1937,Male,39,22,76,0
1938,Male,50,128,21,1
1939,Female,39,21,51,1
1940,Male,45,88,65,1
1941,Male,59,30,89,1
1942,Male,51,76,32,1
1943,Female,55,105,45,1
1944,Female,53,71,80,1
1945,Male,23,22,85,0
1946,Female,18,97,72,1
1947,Male,29,122,71,1
1948,Female,24,40,21,0
1949,Female,28,54,21,0
1950,Female,22,73,52,1
1951,Female,59,123,51,1
1952,Male,36,127,25,1
1953,Male,24,79,51,1
1954,Male,57,127,30,1
1955,Female,41,55,21,1
1956,Male,29,30,44,0
1957,Male,29,91,36,1
1958,Female,51,130,54,1
1959,Female,20,40,23,0
1960,Male,60,130,52,1
1961,Male,22,31,69,1
1962,Male,20,27,20,0
1963,Male,19,110,66,1
1964,Female,50,40,70,1
1965,Male,26,69,73,0
1966,Male,20,99,67,1
1967,Male,59,20,89,1
1968,Male,26,124,29,1
1969,Male,55,81,42,1
1970,Female,32,84,54,1
1971,Male,43,58,73,0
1972,Female,23,26,89,0
1973,Male,18,45,33,0
1974,Female,43,124,61,1
1975,Female,23,112,32,1
1976,Female,26,111,52,1
1977,Female,21,89,70,1
1978,Male,50,18,43,1
1979,Male,36,59,59,1
1980,Female,28,122,55,1
1981,Male,28,67,43,0
1982,Female,28,99,36,1
1983,Male,29,38,22,0
1984,Female,30,108,53,1
1985,Female,49,86,62,1
1986,Female,52,99,30,1
1987,Male,27,49,27,0
1988,Female,58,117,54,1
1989,Male,33,96,54,1
1990,Female,22,32,59,0
1991,Female,58,19,37,0
1992,Female,40,38,33,0
1993,Male,26,77,70,0
1994,Female,48,102,82,1
1995,Male,48,126,73,1
1996,Male,44,111,32,1
1997,Female,20,55,80,1
1998,Male,45,45,33,0
1999,Female,45,111,72,1
2000,Female,44,36,73,1
2001,Female,64,23,27,1
2002,Female,46,53,67,1
2003,Female,61,96,25,1
2004,Female,62,102,59,1
2005,Female,63,75,33,1
2006,Male,54,126,55,1
2007,Male,45,26,64,1
2008,Male,37,37,86,1
2009,Male,30,109,51,1
2010,Male,23,44,57,1
2011,Female,51,81,24,1
2012,Female,43,128,84,1
2013,Female,57,122,63,1
2014,Male,39,107,85,1
2015,Female,55,129,20,1
2016,Male,51,110,87,1
2017,Male,27,31,82,0
2018,Male,35,100,47,1
2019,Male,19,71,24,0
2020,Female,27,46,75,1
2021,Female,27,88,30,1
2022,Female,49,120,42,1
2023,Female,51,47,52,1
2024,Male,62,78,64,1
2025,Female,61,90,30,1
2026,Female,25,48,87,0
2027,Male,25,89,57,1
2028,Female,43,54,47,1
2029,Male,41,59,25,0
2030,Male,63,115,50,1
2031,Male,63,89,72,1
2032,Male,57,112,82,1
2033,Female,50,48,78,1
2034,Female,57,91,58,1
2035,Male,36,117,23,1
2036,Male,64,22,27,1
2037,Female,55,44,47,0
2038,Male,27,55,21,0
2039,Male,50,78,69,1
2040,Male,18,72,44,0
2041,Female,44,90,24,1
2042,Male,44,33,63,1
2043,Female,53,92,57,1
2044,Female,59,96,25,1
2045,Female,33,81,43,1
2046,Female,20,36,59,0
2047,Male,19,59,30,0
2048,Male,63,15,87,1
2049,Male,42,24,63,1
2050,Female,52,71,45,1
2051,Male,56,84,43,1
2052,Female,25,45,86,1
2053,Male,52,20,73,1
2054,Female,40,92,33,1
2055,Female,63,45,75,1
2056,Male,19,42,60,1
2057,Male,41,32,85,0
2058,Male,30,90,39,1
2059,Female,33,29,69,1
2060,Male,23,23,37,0
2061,Female,36,126,76,1
2062,Female,27,71,52,1
2063,Male,53,77,27,1
2064,Female,36,24,64,1
2065,Female,52,74,80,1
2066,Female,30,94,43,1
2067,Male,19,110,54,1
2068,Male,42,126,51,1
2069,Male,51,114,72,1
2070,Male,41,127,85,1
2071,Male,63,72,86,1
2072,Female,58,35,63,1
2073,Female,48,86,87,1
2074,Female,30,49,66,1
2075,Male,32,29,61,1
2076,Female,25,35,60,0
2077,Female,39,16,46,1
2078,Male,62,99,20,1
2079,Female,23,100,67,1
2080,Male,45,77,73,0
2081,Male,56,104,89,1
2082,Male,42,130,71,1
2083,Male,30,62,23,0
2084,Male,32,55,36,0
2085,Male,48,23,25,0
2086,Male,60,73,70,1
2087,Female,57,47,54,0
2088,Male,34,126,58,1
2089,Female,20,58,85,1
2090,Female,41,75,40,1
2091,Female,36,67,47,1
2092,Female,40,105,86,1
2093,Male,41,49,83,0
2094,Female,45,82,45,1
2095,Male,55,63,32,1
2096,Male,20,20,67,1
2097,Female,52,127,26,1
2098,Male,60,43,41,0
2099,Male,49,62,50,1
2100,Male,19,99,74,1
2101,Male,31,70,33,0
2102,Male,57,85,58,1
2103,Male,56,58,78,1
2104,Male,18,56,88,1
2105,Female,58,118,54,1
2106,Female,30,24,76,1
2107,Male,25,115,78,1
2108,Female,22,68,48,1
2109,Female,43,121,23,1
2110,Male,18,76,59,1
2111,Male,42,60,70,0
2112,Female,23,86,82,1
2113,Female,63,31,72,1
2114,Male,53,95,22,1
2115,Female,48,23,32,1
2116,Female,33,110,35,1
2117,Male,51,29,69,1
2118,Female,28,49,82,0
2119,Female,42,61,22,1
2120,Female,37,61,45,1
2121,Female,45,57,84,0
2122,Male,46,80,48,0
2123,Male,22,112,35,1
2124,Male,37,47,87,1
2125,Female,40,77,39,1
2126,Male,30,17,40,0
2127,Male,18,88,69,1
2128,Female,44,115,46,1
2129,Male,36,53,88,1
2130,Male,21,128,69,1
2131,Male,26,115,43,1
2132,Male,23,84,31,1
2133,Male,39,55,39,0
2134,Male,53,110,31,1
2135,Male,60,80,24,1
2136,Female,50,18,85,1
2137,Female,26,130,89,1
2138,Male,31,80,55,1
2139,Female,19,42,78,1
2140,Male,40,64,70,0
2141,Male,30,62,25,0
2142,Female,48,120,49,1
2143,Male,44,87,55,1
2144,Female,62,15,55,1
2145,Female,29,118,20,1
2146,Male,27,64,52,0
2147,Female,46,18,84,1
2148,Female,30,100,63,1
2149,Female,55,103,86,1
2150,Female,46,84,70,1
2151,Male,49,101,82,1
2152,Female,18,50,45,0
2153,Female,42,101,76,1
2154,Female,55,16,86,0
2155,Female,25,129,66,1
2156,Female,49,50,78,1
2157,Male,44,123,86,1
2158,Male,18,86,28,1
2159,Female,29,83,58,1
2160,Male,23,21,63,1
2161,Female,46,128,76,1
2162,Male,23,120,32,1
2163,Male,29,112,46,1
2164,Male,41,129,79,1
2165,Female,57,100,76,1
2166,Female,49,34,31,1
2167,Female,19,96,38,1
2168,Male,34,129,52,1
2169,Female,48,111,63,1
2170,Male,20,43,31,0
2171,Male,63,99,79,1
2172,Female,46,116,60,1
2173,Male,22,119,50,1
2174,Male,64,51,50,1
2175,Male,54,120,80,1
2176,Male,32,120,28,1
2177,Male,19,118,39,1
2178,Male,38,21,44,0
2179,Male,59,105,69,1
2180,Female,32,16,86,0
2181,Female,29,53,55,0
2182,Female,32,66,35,1
2183,Male,59,120,34,1
2184,Male,32,128,25,1
2185,Female,51,51,57,1
2186,Male,19,26,56,1
2187,Male,48,41,40,0
2188,Female,60,36,88,0
2189,Female,49,110,68,1
2190,Male,31,40,23,0
2191,Male,33,128,40,1
2192,Female,29,112,45,1
2193,Female,31,48,55,0
2194,Male,37,36,75,0
2195,Male,53,39,81,1
2196,Female,25,81,61,1
2197,Female,62,62,82,1
2198,Male,45,18,57,1
2199,Female,36,113,50,1
2200,Male,59,18,42,0
